Workbook

Sheet Settings
A1: CRISPY SCAPES — PRINT PRICING CALCULATOR
A3: Profit Multiplier | B3: 3.5
A5: HOW TO USE:
A6: 1. Change B3 to update your profit multiplier across all sheets.
A7: 2. To replace lab prices: paste new Base Cost values from the lab quote into the blue columns.
A8: 3. Sell Prices recalculate automatically — do not edit those columns.
A9: 4. All prices are before postage. Add postage separately when quoting.
A10: 5. Custom sizes: quote manually. Use 3.5× as a guide on the lab's custom price.
A12: COLOUR CODING:
A13: Blue text = Base cost inputs (paste new lab prices here)
A14: Black text = Formula (auto-calculates — do not edit)
A15: Yellow fill = Key assumption (multiplier)

Sheet Fine Art Paper
A1: Fine Art Paper Pricing
A2: Size | B2: Format | C2: Base Cost Satin/Matte | D2: SELL PRICE Satin/Matte | E2: Base Cost Hahnemühle | F2: SELL PRICE Hahnemühle | G2: Base Cost Metallic Pearl | H2: SELL PRICE Metallic Pearl
A3: Standard Sizes
A4: 8 × 10" | B4: Standard | C4: 4.6 | D4: =C4*Settings!$B$3 | E4: 20.4 | F4: =E4*Settings!$B$3 | G4: 19.87 | H4: =G4*Settings!$B$3
A5: 8 × 12" | B5: Standard | C5: 4.95 | D5: =C5*Settings!$B$3 | E5: 20.4 | F5: =E5*Settings!$B$3 | G5: 19.87 | H5: =G5*Settings!$B$3
A6: 11 × 14" | B6: Standard | C6: 13.8 | D6: =C6*Settings!$B$3 | E6: 36 | F6: =E6*Settings!$B$3 | G6: 36.43 | H6: =G6*Settings!$B$3
A7: 12 × 16" | B7: Standard | C7: 14.95 | D7: =C7*Settings!$B$3 | E7: 56.4 | F7: =E7*Settings!$B$3 | G7: 56.3 | H7: =G7*Settings!$B$3
A8: 16 × 20" | B8: Standard | C8: 23 | D8: =C8*Settings!$B$3 | E8: 66 | F8: =E8*Settings!$B$3 | G8: 66.24 | H8: =G8*Settings!$B$3
A9: 16 × 24" | B9: Standard | C9: 26.45 | D9: =C9*Settings!$B$3 | E9: 79.2 | F9: =E9*Settings!$B$3 | G9: 79.49 | H9: =G9*Settings!$B$3
A10: 20 × 24" | B10: Standard | C10: 28.75 | D10: =C10*Settings!$B$3 | E10: 112.8 | F10: =E10*Settings!$B$3 | G10: 112.61 | H10: =G10*Settings!$B$3
A11: 20 × 30" | B11: Standard | C11: 32.2 | D11: =C11*Settings!$B$3 | E11: 148.8 | F11: =E11*Settings!$B$3 | G11: 149.04 | H11: =G11*Settings!$B$3
A12: 24 × 36" | B12: Standard | C12: 44.85 | D12: =C12*Settings!$B$3 | E12: 178.8 | F12: =E12*Settings!$B$3 | G12: 178.85 | H12: =G12*Settings!$B$3
A13: 30 × 40" | B13: Standard | C13: 63.25 | D13: =C13*Settings!$B$3 | E13: 290.4 | F13: =E13*Settings!$B$3 | G13: 289.8 | H13: =G13*Settings!$B$3
A14: 30 × 45" | B14: Standard | C14: 69 | D14: =C14*Settings!$B$3 | E14: 297.6 | F14: =E14*Settings!$B$3 | G14: 298.08 | H14: =G14*Settings!$B$3
A15: 36 × 48" | B15: Standard | C15: 120.75 | D15: =C15*Settings!$B$3 | E15: 348 | F15: =E15*Settings!$B$3 | G15: 347.76 | H15: =G15*Settings!$B$3
A16: Panoramic Sizes
A17: 10 × 20" | B17: Panoramic | C17: 17.25 | D17: =C17*Settings!$B$3 | E17: 52.8 | F17: =E17*Settings!$B$3 | G17: 52.99 | H17: =G17*Settings!$B$3
A18: 10 × 30" | B18: Panoramic | C18: 28.75 | D18: =C18*Settings!$B$3 | E18: 74.4 | F18: =E18*Settings!$B$3 | G18: 74.52 | H18: =G18*Settings!$B$3
A19: 12 × 24" | B19: Panoramic | C19: 23 | D19: =C19*Settings!$B$3 | E19: 66 | F19: =E19*Settings!$B$3 | G19: 66.24 | H19: =G19*Settings!$B$3
A20: 15 × 30" | B20: Panoramic | C20: 40.25 | D20: =C20*Settings!$B$3 | E20: 96 | F20: =E20*Settings!$B$3 | G20: 96.05 | H20: =G20*Settings!$B$3
A21: 20 × 40" | B21: Panoramic | C21: 46 | D21: =C21*Settings!$B$3 | E21: 199.2 | F21: =E21*Settings!$B$3 | G21: 198.72 | H21: =G21*Settings!$B$3
A22: 20 × 60" | B22: Panoramic | C22: 97.75 | D22: =C22*Settings!$B$3 | E22: 282 | F22: =E22*Settings!$B$3 | G22: 281.52 | H22: =G22*Settings!$B$3
A23: 24 × 48" | B23: Panoramic | C23: 57.5 | D23: =C23*Settings!$B$3 | E23: 282 | F23: =E23*Settings!$B$3 | G23: 281.52 | H23: =G23*Settings!$B$3
A24: Custom
A25: Custom Size | B25: Custom | C25: Enquire | D25: Enquire | E25: Enquire | F25: Enquire | G25: Enquire | H25: Enquire

Sheet Canvas
A1: Canvas Pricing
A2: Size | B2: Format | C2: Base Cost Stretched FA | D2: SELL PRICE Stretched FA | E2: Base Cost Framed Canvas | F2: SELL PRICE Framed Canvas
A3: Standard Sizes
A4: 8 × 10" | B4: Standard | C4: 52 | D4: =C4*Settings!$B$3 | E4: 92 | F4: =E4*Settings!$B$3
A5: 8 × 12" | B5: Standard | C5: 52 | D5: =C5*Settings!$B$3 | E5: 92 | F5: =E5*Settings!$B$3
A6: 10 × 12" | B6: Standard | C6: 60 | D6: =C6*Settings!$B$3 | E6: 100 | F6: =E6*Settings!$B$3
A7: 12 × 16" | B7: Standard | C7: 72 | D7: =C7*Settings!$B$3 | E7: 132 | F7: =E7*Settings!$B$3
A8: 16 × 20" | B8: Standard | C8: 99 | D8: =C8*Settings!$B$3 | E8: 174 | F8: =E8*Settings!$B$3
A9: 16 × 24" | B9: Standard | C9: 115 | D9: =C9*Settings!$B$3 | E9: 200 | F9: =E9*Settings!$B$3
A10: 20 × 24" | B10: Standard | C10: 130 | D10: =C10*Settings!$B$3 | E10: 220 | F10: =E10*Settings!$B$3
A11: 20 × 30" | B11: Standard | C11: 165 | D11: =C11*Settings!$B$3 | E11: 265 | F11: =E11*Settings!$B$3
A12: 24 × 36" | B12: Standard | C12: 220 | D12: =C12*Settings!$B$3 | E12: 345 | F12: =E12*Settings!$B$3
A13: 30 × 40" | B13: Standard | C13: 250 | D13: =C13*Settings!$B$3 | E13: 395 | F13: =E13*Settings!$B$3
A14: 30 × 45" | B14: Standard | C14: 288 | D14: =C14*Settings!$B$3 | E14: 443 | F14: =E14*Settings!$B$3
A15: 40 × 60" | B15: Standard | C15: 425 | D15: =C15*Settings!$B$3 | E15: 625 | F15: =E15*Settings!$B$3
A16: Square Sizes
A17: 8 × 8" | B17: Square | C17: 52 | D17: =C17*Settings!$B$3 | E17: 98 | F17: =E17*Settings!$B$3
A18: 10 × 10" | B18: Square | C18: 58 | D18: =C18*Settings!$B$3 | E18: 98 | F18: =E18*Settings!$B$3
A19: 12 × 12" | B19: Square | C19: 58 | D19: =C19*Settings!$B$3 | E19: 108 | F19: =E19*Settings!$B$3
A20: 16 × 16" | B20: Square | C20: 86 | D20: =C20*Settings!$B$3 | E20: 151 | F20: =E20*Settings!$B$3
A21: 20 × 20" | B21: Square | C21: 115 | D21: =C21*Settings!$B$3 | E21: 200 | F21: =E21*Settings!$B$3
A22: 24 × 24" | B22: Square | C22: 145 | D22: =C22*Settings!$B$3 | E22: 245 | F22: =E22*Settings!$B$3
A23: 30 × 30" | B23: Square | C23: 225 | D23: =C23*Settings!$B$3 | E23: 350 | F23: =E23*Settings!$B$3
A24: Panoramic Sizes
A25: 10 × 20" | B25: Panoramic | C25: 67 | D25: =C25*Settings!$B$3 | E25: 132 | F25: =E25*Settings!$B$3
A26: 10 × 30" | B26: Panoramic | C26: 92 | D26: =C26*Settings!$B$3 | E26: 177 | F26: =E26*Settings!$B$3
A27: 15 × 30" | B27: Panoramic | C27: 130 | D27: =C27*Settings!$B$3 | E27: 225 | F27: =E27*Settings!$B$3
A28: 15 × 45" | B28: Panoramic | C28: 175 | D28: =C28*Settings!$B$3 | E28: 300 | F28: =E28*Settings!$B$3
A29: 20 × 40" | B29: Panoramic | C29: 213 | D29: =C29*Settings!$B$3 | E29: 338 | F29: =E29*Settings!$B$3
A30: 20 × 60" | B30: Panoramic | C30: 276 | D30: =C30*Settings!$B$3 | E30: 441 | F30: =E30*Settings!$B$3
A31: 24 × 48" | B31: Panoramic | C31: 270 | D31: =C31*Settings!$B$3 | E31: 415 | F31: =E31*Settings!$B$3
A32: 30 × 60" | B32: Panoramic | C32: 360 | D32: =C32*Settings!$B$3 | E32: 545 | F32: =E32*Settings!$B$3
A33: 40 × 80" | B33: Panoramic | C33: 529 | D33: =C33*Settings!$B$3 | E33: 789 | F33: =E33*Settings!$B$3
A34: Custom
A35: Custom Size | B35: Custom | C35: Enquire | D35: Enquire | E35: Enquire | F35: Enquire

Sheet Metal Prints
A1: Metal Print Pricing
A2: Size | B2: Format | C2: Base Cost Print Only | D2: SELL PRICE Print Only | E2: Base Cost Concealed Mount | F2: SELL PRICE Concealed Mount | G2: Base Cost Float Framed | H2: SELL PRICE Float Framed
A3: Standard Sizes
A4: 8 × 10" | B4: Standard | C4: 19.95 | D4: =C4*Settings!$B$3 | E4: 39.95 | F4: =E4*Settings!$B$3 | G4: 75.95 | H4: =G4*Settings!$B$3
A5: 8 × 12" | B5: Standard | C5: 22.95 | D5: =C5*Settings!$B$3 | E5: 45 | F5: =E5*Settings!$B$3 | G5: 78.95 | H5: =G5*Settings!$B$3
A6: 11 × 14" | B6: Standard | C6: 29.95 | D6: =C6*Settings!$B$3 | E6: 49.95 | F6: =E6*Settings!$B$3 | G6: 98.95 | H6: =G6*Settings!$B$3
A7: 12 × 16" | B7: Standard | C7: 33.5 | D7: =C7*Settings!$B$3 | E7: 55 | F7: =E7*Settings!$B$3 | G7: 121.5 | H7: =G7*Settings!$B$3
A8: 16 × 20" | B8: Standard | C8: 39.95 | D8: =C8*Settings!$B$3 | E8: 65 | F8: =E8*Settings!$B$3 | G8: 137.95 | H8: =G8*Settings!$B$3
A9: 16 × 24" | B9: Standard | C9: 55 | D9: =C9*Settings!$B$3 | E9: 85 | F9: =E9*Settings!$B$3 | G9: 161 | H9: =G9*Settings!$B$3
A10: 20 × 24" | B10: Standard | C10: 60 | D10: =C10*Settings!$B$3 | E10: 95 | F10: =E10*Settings!$B$3 | G10: 179 | H10: =G10*Settings!$B$3
A11: 20 × 30" | B11: Standard | C11: 79.95 | D11: =C11*Settings!$B$3 | E11: 115 | F11: =E11*Settings!$B$3 | G11: 204.95 | H11: =G11*Settings!$B$3
A12: 24 × 36" | B12: Standard | C12: 125 | D12: =C12*Settings!$B$3 | E12: 165 | F12: =E12*Settings!$B$3 | G12: 281 | H12: =G12*Settings!$B$3
A13: 30 × 40" | B13: Standard | C13: 145 | D13: =C13*Settings!$B$3 | E13: 189 | F13: =E13*Settings!$B$3 | G13: 326 | H13: =G13*Settings!$B$3
A14: 30 × 45" | B14: Standard | C14: 155 | D14: =C14*Settings!$B$3 | E14: 199.95 | F14: =E14*Settings!$B$3 | G14: 345 | H14: =G14*Settings!$B$3
A15: 40 × 60" | B15: Standard | C15: 315 | D15: =C15*Settings!$B$3 | E15: 395 | F15: =E15*Settings!$B$3 | G15: 595 | H15: =G15*Settings!$B$3
A16: Square Sizes
A17: 10 × 10" | B17: Square | C17: 19.95 | D17: =C17*Settings!$B$3 | E17: 39.95 | F17: =E17*Settings!$B$3 | G17: 82.95 | H17: =G17*Settings!$B$3
A18: 12 × 12" | B18: Square | C18: 25 | D18: =C18*Settings!$B$3 | E18: 45 | F18: =E18*Settings!$B$3 | G18: 103 | H18: =G18*Settings!$B$3
A19: 16 × 16" | B19: Square | C19: 43 | D19: =C19*Settings!$B$3 | E19: 69 | F19: =E19*Settings!$B$3 | G19: 124 | H19: =G19*Settings!$B$3
A20: 20 × 20" | B20: Square | C20: 55 | D20: =C20*Settings!$B$3 | E20: 85 | F20: =E20*Settings!$B$3 | G20: 161 | H20: =G20*Settings!$B$3
A21: 24 × 24" | B21: Square | C21: 115 | D21: =C21*Settings!$B$3 | E21: 145 | F21: =E21*Settings!$B$3 | G21: 253 | H21: =G21*Settings!$B$3
A22: 30 × 30" | B22: Square | C22: 135 | D22: =C22*Settings!$B$3 | E22: 169 | F22: =E22*Settings!$B$3 | G22: 298 | H22: =G22*Settings!$B$3
A23: Panoramic Sizes
A24: 10 × 20" | B24: Panoramic | C24: 29.95 | D24: =C24*Settings!$B$3 | E24: 55 | F24: =E24*Settings!$B$3 | G24: 94.95 | H24: =G24*Settings!$B$3
A25: 10 × 30" | B25: Panoramic | C25: 49 | D25: =C25*Settings!$B$3 | E25: 79 | F25: =E25*Settings!$B$3 | G25: 134 | H25: =G25*Settings!$B$3
A26: 12 × 24" | B26: Panoramic | C26: 39.95 | D26: =C26*Settings!$B$3 | E26: 69 | F26: =E26*Settings!$B$3 | G26: 133.95 | H26: =G26*Settings!$B$3
A27: 15 × 30" | B27: Panoramic | C27: 75 | D27: =C27*Settings!$B$3 | E27: 110 | F27: =E27*Settings!$B$3 | G27: 190 | H27: =G27*Settings!$B$3
A28: 15 × 45" | B28: Panoramic | C28: 99 | D28: =C28*Settings!$B$3 | E28: 135 | F28: =E28*Settings!$B$3 | G28: 224 | H28: =G28*Settings!$B$3
A29: 20 × 40" | B29: Panoramic | C29: 165 | D29: =C29*Settings!$B$3 | E29: 210 | F29: =E29*Settings!$B$3 | G29: 321 | H29: =G29*Settings!$B$3
A30: 20 × 60" | B30: Panoramic | C30: 185 | D30: =C30*Settings!$B$3 | E30: 235 | F30: =E30*Settings!$B$3 | G30: 391 | H30: =G30*Settings!$B$3
A31: 24 × 48" | B31: Panoramic | C31: 180 | D31: =C31*Settings!$B$3 | E31: 225 | F31: =E31*Settings!$B$3 | G31: 361 | H31: =G31*Settings!$B$3
A32: 30 × 60" | B32: Panoramic | C32: 325 | D32: =C32*Settings!$B$3 | E32: 380 | F32: =E32*Settings!$B$3 | G32: 556 | H32: =G32*Settings!$B$3
A33: 40 × 80" | B33: Panoramic | C33: 550 | D33: =C33*Settings!$B$3 | E33: 620 | F33: =E33*Settings!$B$3 | G33: 925 | H33: =G33*Settings!$B$3
A34: Custom
A35: Custom Size | B35: Custom | C35: Enquire | D35: Enquire | E35: Enquire | F35: Enquire | G35: Enquire | H35: Enquire

Sheet Glass Float Framed
A1: Glass Float Framed Pricing
A2: NOTE: Glass float framed pricing from the lab requires manual size confirmation. Base costs below are indicative — verify with lab before quoting.
A3: Size (A-series) | B3: Base Cost (indicative) | C3: SELL PRICE
A4: A4 (8.3 × 11.7") | B4: 165 | C4: =B4*Settings!$B$3
A5: A3 (11.7 × 16.5") | B5: 210 | C5: =B5*Settings!$B$3
A6: A2 (16.5 × 23.4") | B6: 280 | C6: =B6*Settings!$B$3
A7: A1 (23.4 × 33.1") | B7: 370 | C7: =B7*Settings!$B$3
A8: A0 (33.1 × 46.8") | B8: 540 | C8: =B8*Settings!$B$3
A9: Custom Size | B9: Enquire | C9: Enquire
